[{"__type__":"cc.AnimationClip","_name":"loding","_duration":0.3333333333333333,"speed":0.2,"wrapMode":2,"curveData":{"paths":{"0":{"props":{"active":[{"frame":0,"value":true},{"frame":0.08333333333333333,"value":false},{"frame":0.3333333333333333,"value":false}]}},"1":{"props":{"active":[{"frame":0,"value":false},{"frame":0.08333333333333333,"value":true},{"frame":0.16666666666666666,"value":false}]}},"2":{"props":{"active":[{"frame":0,"value":false},{"frame":0.16666666666666666,"value":true},{"frame":0.25,"value":false}]}},"3":{"props":{"active":[{"frame":0,"value":false},{"frame":0.08333333333333333,"value":false},{"frame":0.25,"value":true}]}}}}},{"__type__":"cc.SpriteFrame","content":{"name":"wx","texture":"27IdX0Z4REL7aFMF1moKoX","rect":[0,0,258,258],"offset":[0,0],"originalSize":[258,258]}},{"__type__":"cc.SpriteFrame","content":{"name":"bg","texture":"4b2aHgBplAToFG1IFGo83t","rect":[0,0,640,1136],"offset":[0,0],"originalSize":[640,1136]}},{"__type__":"cc.SpriteFrame","content":{"name":"start_btn","texture":"7fDO3O8E1PCaab6lYI0p4P","rect":[0,0,306,104],"offset":[-0.5,0.5],"originalSize":[307,105]}},{"__type__":"cc.SpriteFrame","content":{"name":"default_panel","texture":"d8HsitJHxOYqo801xBk8ev","rect":[0,0,20,20],"offset":[0,0],"originalSize":[20,20],"capInsets":[4,3,4,3]}},{"__type__":"cc.SpriteFrame","content":{"name":"default_sprite_splash","texture":"02delMVqdBD70a/HSD99FK","rect":[0,0,2,2],"offset":[0,0],"originalSize":[2,2]}},{"__type__":"cc.SpriteFrame","content":{"name":"default_scrollbar_bg","texture":"4bq2fLGOZAmbhANV8Ec/iQ","rect":[0,0,30,15],"offset":[0,0],"originalSize":[30,15],"capInsets":[10,0,10,0]}},[{"__type__":"cc.SceneAsset","_name":"menu","scene":{"__id__":1},"asyncLoadAssets":null},{"__type__":"cc.Scene","_name":"New Node","_children":[{"__id__":2}],"_anchorPoint":{"__type__":"cc.Vec2"},"autoReleaseAssets":null},{"__type__":"cc.Node","_name":"Canvas","_parent":{"__id__":1},"_children":[{"__id__":3},{"__id__":4},{"__id__":5},{"__id__":18},{"__id__":20}],"_components":[{"__type__":"cc.Canvas","node":{"__id__":2},"_designResolution":{"__type__":"cc.Size","width":720,"height":1280},"_fitWidth":true},{"__type__":"d53944AFM9HprOUPOgbFtLe","node":{"__id__":2},"startButton":{"__id__":4},"selectPage":{"__id__":17}}],"_id":"f0abfxW6hIc6iv3H4wRNEn","_contentSize":{"__type__":"cc.Size","width":720,"height":1280},"_position":{"__type__":"cc.Vec2","x":360,"y":640}},{"__type__":"cc.Node","_name":"bg","_parent":{"__id__":2},"_components":[{"__type__":"cc.Sprite","node":{"__id__":3},"_spriteFrame":{"__uuid__":"7bWFQTeX5PTqRWy4jrTR+F"},"_sizeMode":0},{"__type__":"cc.Widget","node":{"__id__":3},"_alignFlags":45,"_originalWidth":720,"_originalHeight":1280}],"_contentSize":{"__type__":"cc.Size","width":720,"height":1280}},{"__type__":"cc.Node","_name":"start_btn","_parent":{"__id__":2},"_components":[{"__type__":"cc.Sprite","node":{"__id__":4},"_spriteFrame":{"__uuid__":"7ciFVBU35K2KuPrgwSWQT6"}},{"__type__":"cc.Button","node":{"__id__":4},"_N$target":{"__id__":4}}],"_contentSize":{"__type__":"cc.Size","width":306,"height":104},"_position":{"__type__":"cc.Vec2","y":-352}},{"__type__":"cc.Node","_name":"playerSelect","_parent":{"__id__":2},"_children":[{"__id__":6},{"__id__":7},{"__id__":15}],"_active":false,"_components":[{"__id__":17}],"_contentSize":{"__type__":"cc.Size","width":500,"height":450}},{"__type__":"cc.Node","_name":"background","_parent":{"__id__":5},"_components":[{"__type__":"cc.Sprite","node":{"__id__":6},"_spriteFrame":{"__uuid__":"9bvaMerUlDyary99mJa6xp"},"_type":1,"_sizeMode":0}],"_contentSize":{"__type__":"cc.Size","width":500,"height":450}},{"__type__":"cc.Node","_name":"view","_parent":{"__id__":5},"_children":[{"__id__":8}],"_components":[{"__type__":"cc.Mask","node":{"__id__":7}}],"_contentSize":{"__type__":"cc.Size","width":500,"height":450}},{"__type__":"cc.Node","_name":"content","_parent":{"__id__":7},"_children":[{"__id__":9},{"__id__":11},{"__id__":13}],"_components":[{"__type__":"cc.Layout","node":{"__id__":8},"_layoutSize":{"__type__":"cc.Size","width":1500,"height":450},"_resize":1,"_N$layoutType":1,"_N$spacingY":15}],"_anchorPoint":{"__type__":"cc.Vec2","y":0.5},"_contentSize":{"__type__":"cc.Size","width":1500,"height":450},"_position":{"__type__":"cc.Vec2","x":-250}},{"__type__":"cc.Node","_name":"page_1","_parent":{"__id__":8},"_children":[{"__id__":10}],"_components":[{"__type__":"cc.Sprite","node":{"__id__":9},"_spriteFrame":{"__uuid__":"9bvaMerUlDyary99mJa6xp"},"_type":1,"_sizeMode":0}],"_color":{"__type__":"cc.Color","r":255,"g":70,"b":70},"_contentSize":{"__type__":"cc.Size","width":500,"height":390},"_position":{"__type__":"cc.Vec2","x":250}},{"__type__":"cc.Node","_name":"New Label","_parent":{"__id__":9},"_components":[{"__type__":"cc.Label","node":{"__id__":10},"_useOriginalSize":false,"_lineHeight":60,"_N$string":"后面是广告\n不要滑","_N$horizontalAlign":1,"_N$verticalAlign":1}],"_color":{"__type__":"cc.Color"},"_contentSize":{"__type__":"cc.Size","width":200,"height":120}},{"__type__":"cc.Node","_name":"page_2","_parent":{"__id__":8},"_children":[{"__id__":12}],"_components":[{"__type__":"cc.Sprite","node":{"__id__":11},"_spriteFrame":{"__uuid__":"9bvaMerUlDyary99mJa6xp"},"_type":1,"_sizeMode":0}],"_color":{"__type__":"cc.Color","r":181,"g":255,"b":70},"_contentSize":{"__type__":"cc.Size","width":500,"height":390},"_position":{"__type__":"cc.Vec2","x":750}},{"__type__":"cc.Node","_name":"New Label","_parent":{"__id__":11},"_components":[{"__type__":"cc.Label","node":{"__id__":12},"_useOriginalSize":false,"_lineHeight":60,"_N$string":"一个公众号\n不要扫","_N$horizontalAlign":1,"_N$verticalAlign":1}],"_color":{"__type__":"cc.Color"},"_contentSize":{"__type__":"cc.Size","width":200,"height":120}},{"__type__":"cc.Node","_name":"page_3","_parent":{"__id__":8},"_children":[{"__id__":14}],"_components":[{"__type__":"cc.Sprite","node":{"__id__":13},"_spriteFrame":{"__uuid__":"9bvaMerUlDyary99mJa6xp"},"_type":1,"_sizeMode":0}],"_color":{"__type__":"cc.Color","r":83,"g":104,"b":255},"_contentSize":{"__type__":"cc.Size","width":500,"height":390},"_position":{"__type__":"cc.Vec2","x":1250}},{"__type__":"cc.Node","_name":"wx","_parent":{"__id__":13},"_components":[{"__type__":"cc.Sprite","node":{"__id__":14},"_spriteFrame":{"__uuid__":"4cXDRVgXNCIpYbGnWoRUz6"}}],"_contentSize":{"__type__":"cc.Size","width":258,"height":258}},{"__type__":"cc.Node","_name":"indicator","_parent":{"__id__":5},"_components":[{"__id__":16}],"_contentSize":{"__type__":"cc.Size","width":100,"height":27},"_position":{"__type__":"cc.Vec2","y":-209}},{"__type__":"cc.PageViewIndicator","node":{"__id__":15},"_pageView":{"__id__":17},"spriteFrame":{"__uuid__":"c9+lH/PwFGAY+AMl0bEdq3"},"cellSize":{"__type__":"cc.Size","width":10,"height":10},"spacing":10},{"__type__":"cc.PageView","node":{"__id__":5},"content":{"__id__":8},"bounceDuration":0.5,"_N$indicator":{"__id__":16}},{"__type__":"cc.Node","_name":"titile","_parent":{"__id__":2},"_children":[{"__id__":19}],"_components":[{"__type__":"cc.Label","node":{"__id__":18},"_useOriginalSize":false,"_actualFontSize":160,"_fontSize":160,"_lineHeight":160,"_N$string":"跳一跳","_N$horizontalAlign":1,"_N$verticalAlign":1}],"_color":{"__type__":"cc.Color","r":87,"g":87,"b":87},"_contentSize":{"__type__":"cc.Size","width":480,"height":160},"_position":{"__type__":"cc.Vec2","y":411}},{"__type__":"cc.Node","_name":"New Label","_parent":{"__id__":18},"_components":[{"__type__":"cc.Label","node":{"__id__":19},"_useOriginalSize":false,"_N$string":"Cocos 论坛定制版","_N$horizontalAlign":1,"_N$verticalAlign":1}],"_color":{"__type__":"cc.Color"},"_contentSize":{"__type__":"cc.Size","width":324.49,"height":40},"_position":{"__type__":"cc.Vec2","y":-139}},{"__type__":"cc.Node","_name":"mask","_parent":{"__id__":2},"_children":[{"__id__":21},{"__id__":22},{"__id__":23},{"__id__":24}],"_active":false,"_components":[{"__type__":"cc.Sprite","node":{"__id__":20},"_spriteFrame":{"__uuid__":"a2MjXRFdtLlYQ5ouAFv/+R"},"_sizeMode":0},{"__type__":"cc.Widget","node":{"__id__":20},"_alignFlags":45,"_originalWidth":100,"_originalHeight":100},{"__type__":"cc.Animation","node":{"__id__":20},"_defaultClip":{"__uuid__":"3e1fSrGj5K2IoYTUNa12HP"},"_clips":[{"__uuid__":"3e1fSrGj5K2IoYTUNa12HP"}],"playOnLoad":true},{"__type__":"cc.BlockInputEvents","node":{"__id__":20}}],"_opacity":186.915,"_color":{"__type__":"cc.Color"},"_contentSize":{"__type__":"cc.Size","width":720,"height":1280}},{"__type__":"cc.Node","_name":"0","_parent":{"__id__":20},"_components":[{"__type__":"cc.Label","node":{"__id__":21},"_useOriginalSize":false,"_actualFontSize":60,"_fontSize":60,"_lineHeight":60,"_N$string":"正在加载资源","_N$horizontalAlign":1,"_N$verticalAlign":1}],"_contentSize":{"__type__":"cc.Size","width":360,"height":60}},{"__type__":"cc.Node","_name":"1","_parent":{"__id__":20},"_components":[{"__type__":"cc.Label","node":{"__id__":22},"_useOriginalSize":false,"_actualFontSize":60,"_fontSize":60,"_lineHeight":60,"_N$string":"正在加载资源。","_N$horizontalAlign":1,"_N$verticalAlign":1}],"_contentSize":{"__type__":"cc.Size","width":420,"height":60}},{"__type__":"cc.Node","_name":"2","_parent":{"__id__":20},"_components":[{"__type__":"cc.Label","node":{"__id__":23},"_useOriginalSize":false,"_actualFontSize":60,"_fontSize":60,"_lineHeight":60,"_N$string":"正在加载资源。。","_N$horizontalAlign":1,"_N$verticalAlign":1}],"_contentSize":{"__type__":"cc.Size","width":480,"height":60}},{"__type__":"cc.Node","_name":"3","_parent":{"__id__":20},"_components":[{"__type__":"cc.Label","node":{"__id__":24},"_useOriginalSize":false,"_actualFontSize":60,"_fontSize":60,"_lineHeight":60,"_N$string":"正在加载资源。。。","_N$horizontalAlign":1,"_N$verticalAlign":1}],"_contentSize":{"__type__":"cc.Size","width":540,"height":60}}]]