[{"__type__":"cc.SpriteFrame","content":{"name":"block2","texture":"c7Qs9oQy5Df7ReTEw6Qhly","rect":[0,0,358,240],"offset":[0,0],"originalSize":[358,240]}},{"__type__":"cc.SpriteFrame","content":{"name":"jare","texture":"ccSpJyrqtKUYhv158l/CNx","rect":[0,0,45,45],"offset":[0,0],"originalSize":[45,45]}},[{"__type__":"cc.Prefab","_name":"Block2","data":{"__id__":1},"asyncLoadAssets":null},{"__type__":"cc.Node","_name":"Block2","_children":[{"__id__":2},{"__id__":3},{"__id__":4},{"__id__":5},{"__id__":6},{"__id__":7},{"__id__":8},{"__id__":9},{"__id__":10}],"_components":[{"__type__":"007507xQ0hEcbmFDxV+eRZJ","node":{"__id__":1},"maxScale":1,"minScale":1,"minDistance":200,"maxDistance":400,"anchorOffset":100,"rightAnchorList":[{"__id__":8},{"__id__":6},{"__id__":7}],"leftAnchorList":[{"__id__":9},{"__id__":6},{"__id__":10}],"centerAnchor":{"__id__":6},"p1":{"__id__":4},"p2":{"__id__":5}}],"_prefab":{"__type__":"cc.PrefabInfo","root":{"__id__":1},"asset":{"__uuid__":"03AfOqUk9G5qieZfwizhst"},"fileId":"40HoyicZBAob8hzBkVH1w9"}},{"__type__":"cc.Node","_name":"score","_parent":{"__id__":1},"_components":[{"__type__":"cc.Label","node":{"__id__":2},"_useOriginalSize":false,"_N$horizontalAlign":1,"_N$verticalAlign":1},{"__type__":"cc.Animation","node":{"__id__":2},"_defaultClip":{"__uuid__":"d54/fIOGpHCYhsNmcoOMwP"},"_clips":[{"__uuid__":"d54/fIOGpHCYhsNmcoOMwP"}]}],"_prefab":{"__type__":"cc.PrefabInfo","root":{"__id__":1},"asset":{"__uuid__":"03AfOqUk9G5qieZfwizhst"},"fileId":"10aetLR7pNto3hlVvjKjkH"},"_color":{"__type__":"cc.Color"},"_contentSize":{"__type__":"cc.Size","width":97.87,"height":40},"_position":{"__type__":"cc.Vec2","y":185}},{"__type__":"cc.Node","_name":"sprite","_parent":{"__id__":1},"_components":[{"__type__":"cc.Sprite","node":{"__id__":3},"_spriteFrame":{"__uuid__":"01qOXY/z1IX5aQSx/no4k9"}}],"_prefab":{"__type__":"cc.PrefabInfo","root":{"__id__":1},"asset":{"__uuid__":"03AfOqUk9G5qieZfwizhst"},"fileId":"0dj1kBkZlCG7d9pjkQFPsM"},"_contentSize":{"__type__":"cc.Size","width":358,"height":240},"_position":{"__type__":"cc.Vec2","x":-43.4,"y":119}},{"__type__":"cc.Node","_name":"p1","_parent":{"__id__":1},"_prefab":{"__type__":"cc.PrefabInfo","root":{"__id__":1},"asset":{"__uuid__":"03AfOqUk9G5qieZfwizhst"},"fileId":"22hn3a/gNIZpdqMcGy4tOl"},"_position":{"__type__":"cc.Vec2","x":-133.2,"y":74.2}},{"__type__":"cc.Node","_name":"p2","_parent":{"__id__":1},"_prefab":{"__type__":"cc.PrefabInfo","root":{"__id__":1},"asset":{"__uuid__":"03AfOqUk9G5qieZfwizhst"},"fileId":"c1ZaW1vZhFGpK3Fa3eZW0Y"},"_position":{"__type__":"cc.Vec2","x":135.6,"y":75.4}},{"__type__":"cc.Node","_name":"中","_parent":{"__id__":1},"_prefab":{"__type__":"cc.PrefabInfo","root":{"__id__":1},"asset":{"__uuid__":"03AfOqUk9G5qieZfwizhst"},"fileId":"763YEsJRlFZ7nh1afdegZt"},"_position":{"__type__":"cc.Vec2","y":144}},{"__type__":"cc.Node","_name":"上","_parent":{"__id__":1},"_prefab":{"__type__":"cc.PrefabInfo","root":{"__id__":1},"asset":{"__uuid__":"03AfOqUk9G5qieZfwizhst"},"fileId":"33qUrn13VATKnd2IMID2g5"},"_position":{"__type__":"cc.Vec2","x":31,"y":160}},{"__type__":"cc.Node","_name":"下","_parent":{"__id__":1},"_prefab":{"__type__":"cc.PrefabInfo","root":{"__id__":1},"asset":{"__uuid__":"03AfOqUk9G5qieZfwizhst"},"fileId":"154cLi+NBHhItRVDlKDOmM"},"_position":{"__type__":"cc.Vec2","x":-37,"y":120}},{"__type__":"cc.Node","_name":"左","_parent":{"__id__":1},"_prefab":{"__type__":"cc.PrefabInfo","root":{"__id__":1},"asset":{"__uuid__":"03AfOqUk9G5qieZfwizhst"},"fileId":"9eee30GLNAq6CC4wTaA6rq"},"_position":{"__type__":"cc.Vec2","x":-27,"y":164}},{"__type__":"cc.Node","_name":"右","_parent":{"__id__":1},"_prefab":{"__type__":"cc.PrefabInfo","root":{"__id__":1},"asset":{"__uuid__":"03AfOqUk9G5qieZfwizhst"},"fileId":"23HZ09r6JA86TJzMIZ8PL4"},"_position":{"__type__":"cc.Vec2","x":35,"y":118}}],{"__type__":"cc.SpriteFrame","content":{"name":"restart_btn","texture":"42z5rKtvhDyLeUlLwC2Eov","rect":[0,0,306,104],"offset":[-0.5,0.5],"originalSize":[307,105]}},[{"__type__":"cc.Prefab","_name":"Block3","data":{"__id__":1},"asyncLoadAssets":null},{"__type__":"cc.Node","_name":"Block3","_children":[{"__id__":2},{"__id__":3},{"__id__":4},{"__id__":5},{"__id__":6},{"__id__":7},{"__id__":8},{"__id__":9},{"__id__":10}],"_components":[{"__type__":"007507xQ0hEcbmFDxV+eRZJ","node":{"__id__":1},"maxScale":1,"minScale":1,"minDistance":200,"maxDistance":400,"anchorOffset":100,"rightAnchorList":[{"__id__":8},{"__id__":6},{"__id__":7}],"leftAnchorList":[{"__id__":9},{"__id__":6},{"__id__":10}],"centerAnchor":{"__id__":6},"p1":{"__id__":4},"p2":{"__id__":5}}],"_prefab":{"__type__":"cc.PrefabInfo","root":{"__id__":1},"asset":{"__uuid__":"09bOm7AWJCVZY2z/X+ghkw"},"fileId":"deTxgI6yhKuoFpcmk+w+Rd"}},{"__type__":"cc.Node","_name":"score","_parent":{"__id__":1},"_components":[{"__type__":"cc.Label","node":{"__id__":2},"_useOriginalSize":false,"_N$horizontalAlign":1,"_N$verticalAlign":1},{"__type__":"cc.Animation","node":{"__id__":2},"_defaultClip":{"__uuid__":"d54/fIOGpHCYhsNmcoOMwP"},"_clips":[{"__uuid__":"d54/fIOGpHCYhsNmcoOMwP"}]}],"_prefab":{"__type__":"cc.PrefabInfo","root":{"__id__":1},"asset":{"__uuid__":"09bOm7AWJCVZY2z/X+ghkw"},"fileId":"05myX7shFFgJn4nAy4Y95p"},"_color":{"__type__":"cc.Color"},"_contentSize":{"__type__":"cc.Size","width":97.87,"height":40},"_position":{"__type__":"cc.Vec2","y":185}},{"__type__":"cc.Node","_name":"sprite","_parent":{"__id__":1},"_components":[{"__type__":"cc.Sprite","node":{"__id__":3},"_spriteFrame":{"__uuid__":"bbaMJGeStK2LQNW9PhTCrX"}}],"_prefab":{"__type__":"cc.PrefabInfo","root":{"__id__":1},"asset":{"__uuid__":"09bOm7AWJCVZY2z/X+ghkw"},"fileId":"cfL4l7fmJP6KV3hTlTSUbn"},"_contentSize":{"__type__":"cc.Size","width":358,"height":240},"_position":{"__type__":"cc.Vec2","x":-43.4,"y":119}},{"__type__":"cc.Node","_name":"p1","_parent":{"__id__":1},"_prefab":{"__type__":"cc.PrefabInfo","root":{"__id__":1},"asset":{"__uuid__":"09bOm7AWJCVZY2z/X+ghkw"},"fileId":"40nQXSJ9BDZKeXff4KoRfj"},"_position":{"__type__":"cc.Vec2","x":-133.2,"y":74.2}},{"__type__":"cc.Node","_name":"p2","_parent":{"__id__":1},"_prefab":{"__type__":"cc.PrefabInfo","root":{"__id__":1},"asset":{"__uuid__":"09bOm7AWJCVZY2z/X+ghkw"},"fileId":"5f+deLBjRGO6HOux0X3vld"},"_position":{"__type__":"cc.Vec2","x":135.6,"y":75.4}},{"__type__":"cc.Node","_name":"中","_parent":{"__id__":1},"_prefab":{"__type__":"cc.PrefabInfo","root":{"__id__":1},"asset":{"__uuid__":"09bOm7AWJCVZY2z/X+ghkw"},"fileId":"fdSZsZ/U1NipAvSdQLRfBH"},"_position":{"__type__":"cc.Vec2","y":144}},{"__type__":"cc.Node","_name":"上","_parent":{"__id__":1},"_prefab":{"__type__":"cc.PrefabInfo","root":{"__id__":1},"asset":{"__uuid__":"09bOm7AWJCVZY2z/X+ghkw"},"fileId":"30GCaTZ+VJaZhyVpZ/uzMj"},"_position":{"__type__":"cc.Vec2","x":31,"y":160}},{"__type__":"cc.Node","_name":"下","_parent":{"__id__":1},"_prefab":{"__type__":"cc.PrefabInfo","root":{"__id__":1},"asset":{"__uuid__":"09bOm7AWJCVZY2z/X+ghkw"},"fileId":"07/PokruxLZaXS9N83lzBR"},"_position":{"__type__":"cc.Vec2","x":-37,"y":120}},{"__type__":"cc.Node","_name":"左","_parent":{"__id__":1},"_prefab":{"__type__":"cc.PrefabInfo","root":{"__id__":1},"asset":{"__uuid__":"09bOm7AWJCVZY2z/X+ghkw"},"fileId":"92B4ExhwlETpif6p8wRAPx"},"_position":{"__type__":"cc.Vec2","x":-27,"y":164}},{"__type__":"cc.Node","_name":"右","_parent":{"__id__":1},"_prefab":{"__type__":"cc.PrefabInfo","root":{"__id__":1},"asset":{"__uuid__":"09bOm7AWJCVZY2z/X+ghkw"},"fileId":"49zvezyApJQqafFT2f4OLS"},"_position":{"__type__":"cc.Vec2","x":35,"y":118}}],[{"__type__":"cc.Prefab","_name":"Block8","data":{"__id__":1},"asyncLoadAssets":null},{"__type__":"cc.Node","_name":"Block8","_children":[{"__id__":2},{"__id__":3},{"__id__":5},{"__id__":6},{"__id__":7},{"__id__":8},{"__id__":9},{"__id__":10},{"__id__":11}],"_components":[{"__type__":"007507xQ0hEcbmFDxV+eRZJ","node":{"__id__":1},"maxScale":1,"minScale":1,"minDistance":200,"maxDistance":400,"anchorOffset":100,"score":10,"rightAnchorList":[{"__id__":9},{"__id__":7},{"__id__":8}],"leftAnchorList":[{"__id__":10},{"__id__":7},{"__id__":11}],"centerAnchor":{"__id__":7},"p1":{"__id__":5},"p2":{"__id__":6}},{"__type__":"cc.Animation","node":{"__id__":1},"_clips":[{"__uuid__":"d54/fIOGpHCYhsNmcoOMwP"}]}],"_prefab":{"__type__":"cc.PrefabInfo","root":{"__id__":1},"asset":{"__uuid__":"10EMuetPtKQYXi6LjKkLSx"},"fileId":"79ila9AJhNZIZuZVaJRZe1"},"_position":{"__type__":"cc.Vec2","x":-428,"y":-78}},{"__type__":"cc.Node","_name":"score","_parent":{"__id__":1},"_components":[{"__type__":"cc.Label","node":{"__id__":2},"_useOriginalSize":false,"_N$horizontalAlign":1,"_N$verticalAlign":1},{"__type__":"cc.Animation","node":{"__id__":2},"_defaultClip":{"__uuid__":"d54/fIOGpHCYhsNmcoOMwP"},"_clips":[{"__uuid__":"d54/fIOGpHCYhsNmcoOMwP"}]}],"_prefab":{"__type__":"cc.PrefabInfo","root":{"__id__":1},"asset":{"__uuid__":"10EMuetPtKQYXi6LjKkLSx"},"fileId":"4cISkUNIVMXoLqf4kXD14d"},"_color":{"__type__":"cc.Color"},"_contentSize":{"__type__":"cc.Size","width":97.87,"height":40},"_position":{"__type__":"cc.Vec2","y":185}},{"__type__":"cc.Node","_name":"sprite","_parent":{"__id__":1},"_children":[{"__id__":4}],"_components":[{"__type__":"cc.Sprite","node":{"__id__":3},"_spriteFrame":{"__uuid__":"bbaMJGeStK2LQNW9PhTCrX"}}],"_prefab":{"__type__":"cc.PrefabInfo","root":{"__id__":1},"asset":{"__uuid__":"10EMuetPtKQYXi6LjKkLSx"},"fileId":"f6YiP5d5lA36tZVOlSrldm"},"_contentSize":{"__type__":"cc.Size","width":358,"height":240},"_position":{"__type__":"cc.Vec2","x":-43.4,"y":119}},{"__type__":"cc.Node","_name":"zhe","_parent":{"__id__":3},"_active":false,"_components":[{"__type__":"cc.Sprite","node":{"__id__":4},"_spriteFrame":{"__uuid__":"50VkqHc1VCeb00jE5olIow"}}],"_prefab":{"__type__":"cc.PrefabInfo","root":{"__id__":1},"asset":{"__uuid__":"10EMuetPtKQYXi6LjKkLSx"},"fileId":"26o2JFYbNNYICgEhZwu0Pp"},"_contentSize":{"__type__":"cc.Size","width":45,"height":45},"_position":{"__type__":"cc.Vec2","x":42.4,"y":43},"_skewX":60,"_skewY":-30},{"__type__":"cc.Node","_name":"p1","_parent":{"__id__":1},"_prefab":{"__type__":"cc.PrefabInfo","root":{"__id__":1},"asset":{"__uuid__":"10EMuetPtKQYXi6LjKkLSx"},"fileId":"09V1DPm31KzaKwJHD+lUUy"},"_position":{"__type__":"cc.Vec2","x":-133.2,"y":74.2}},{"__type__":"cc.Node","_name":"p2","_parent":{"__id__":1},"_prefab":{"__type__":"cc.PrefabInfo","root":{"__id__":1},"asset":{"__uuid__":"10EMuetPtKQYXi6LjKkLSx"},"fileId":"8f2Tsf+hVL0qkXyrD6AncW"},"_position":{"__type__":"cc.Vec2","x":135.6,"y":75.4}},{"__type__":"cc.Node","_name":"中","_parent":{"__id__":1},"_prefab":{"__type__":"cc.PrefabInfo","root":{"__id__":1},"asset":{"__uuid__":"10EMuetPtKQYXi6LjKkLSx"},"fileId":"ceNOMVPutLVYx4mkdNI95r"},"_position":{"__type__":"cc.Vec2","y":144}},{"__type__":"cc.Node","_name":"上","_parent":{"__id__":1},"_prefab":{"__type__":"cc.PrefabInfo","root":{"__id__":1},"asset":{"__uuid__":"10EMuetPtKQYXi6LjKkLSx"},"fileId":"b0qJtIby9CAYgCPdUjdSIO"},"_position":{"__type__":"cc.Vec2","x":31,"y":160}},{"__type__":"cc.Node","_name":"下","_parent":{"__id__":1},"_prefab":{"__type__":"cc.PrefabInfo","root":{"__id__":1},"asset":{"__uuid__":"10EMuetPtKQYXi6LjKkLSx"},"fileId":"89d+Rqx7pOcKDhoyz9CF+Y"},"_position":{"__type__":"cc.Vec2","x":-37,"y":120}},{"__type__":"cc.Node","_name":"左","_parent":{"__id__":1},"_prefab":{"__type__":"cc.PrefabInfo","root":{"__id__":1},"asset":{"__uuid__":"10EMuetPtKQYXi6LjKkLSx"},"fileId":"c4K2CNhu1IV5CJUGCRTs+m"},"_position":{"__type__":"cc.Vec2","x":-27,"y":164}},{"__type__":"cc.Node","_name":"右","_parent":{"__id__":1},"_prefab":{"__type__":"cc.PrefabInfo","root":{"__id__":1},"asset":{"__uuid__":"10EMuetPtKQYXi6LjKkLSx"},"fileId":"82IOxfxdVD/7kc4yQB4bmS"},"_position":{"__type__":"cc.Vec2","x":35,"y":118}}],{"__type__":"cc.SpriteFrame","content":{"name":"default_btn_disabled","texture":"71VhFCTINJM6/Ky3oX9nBT","rect":[0,0,40,40],"offset":[0,0],"originalSize":[40,40],"capInsets":[15,7,15,9]}},{"__type__":"cc.SpriteFrame","content":{"name":"dumganhar","texture":"b8XEOGgcxGkZYhUGLR+4j+","rect":[0,0,45,45],"offset":[0,0],"originalSize":[45,45]}},[{"__type__":"cc.SceneAsset","_name":"game","scene":{"__id__":1},"asyncLoadAssets":null},{"__type__":"cc.Scene","_name":"New Node","_children":[{"__id__":2}],"_anchorPoint":{"__type__":"cc.Vec2"},"autoReleaseAssets":null},{"__type__":"cc.Node","_name":"Canvas","_parent":{"__id__":1},"_children":[{"__id__":3},{"__id__":4},{"__id__":13},{"__id__":14},{"__id__":16}],"_components":[{"__type__":"cc.Canvas","node":{"__id__":2},"_designResolution":{"__type__":"cc.Size","width":720,"height":1280},"_fitWidth":true},{"__type__":"670f2hksQ5Lw7vOXZiYo8c+","node":{"__id__":2},"stage":{"__id__":12},"scoreLabel":{"__id__":15},"overPanel":{"__id__":21},"bgm":{"__uuid__":"cdGYnWcZVBlpmdMmxM0UXg"},"par":{"__id__":9}}],"_id":"87JNeUIJZCtI4bYxNZz4Bp","_contentSize":{"__type__":"cc.Size","width":720,"height":1280},"_position":{"__type__":"cc.Vec2","x":360,"y":640}},{"__type__":"cc.Node","_name":"bg","_parent":{"__id__":2},"_components":[{"__type__":"cc.Sprite","node":{"__id__":3},"_spriteFrame":{"__uuid__":"7bWFQTeX5PTqRWy4jrTR+F"},"_sizeMode":0},{"__type__":"cc.Widget","node":{"__id__":3},"_alignFlags":45,"_originalWidth":640,"_originalHeight":1136}],"_contentSize":{"__type__":"cc.Size","width":720,"height":1280}},{"__type__":"cc.Node","_name":"stage","_parent":{"__id__":2},"_children":[{"__id__":5},{"__id__":6}],"_components":[{"__id__":12}],"_color":{"__type__":"cc.Color","r":38,"g":236,"b":30},"_contentSize":{"__type__":"cc.Size","width":720,"height":1080},"_scaleX":0.99,"_scaleY":0.99},{"__type__":"cc.Node","_name":"blockLayer","_parent":{"__id__":4}},{"__type__":"cc.Node","_name":"Player","_parent":{"__id__":4},"_children":[{"__id__":7}],"_components":[{"__id__":11},{"__type__":"cc.MotionStreak","node":{"__id__":6},"_texture":{"__uuid__":"36FLCAn8FE2qKKCmCZ9eAt"},"_fastMode":true}],"_color":{"__type__":"cc.Color","r":252,"g":255,"b":252},"_anchorPoint":{"__type__":"cc.Vec2","x":0.5},"_contentSize":{"__type__":"cc.Size","width":73,"height":130},"_position":{"__type__":"cc.Vec2","x":-178,"y":-393}},{"__type__":"cc.Node","_name":"rotateAnchor","_parent":{"__id__":6},"_children":[{"__id__":8},{"__id__":10}],"_position":{"__type__":"cc.Vec2","y":57}},{"__type__":"cc.Node","_name":"Particle1","_parent":{"__id__":7},"_components":[{"__id__":9}],"_color":{"__type__":"cc.Color","r":8,"g":8,"b":8},"_scaleX":2,"_scaleY":2,"_position":{"__type__":"cc.Vec2","x":2,"y":-9}},{"__type__":"cc.ParticleSystem","node":{"__id__":8},"_custom":true,"_file":{"__uuid__":"b2aHrECZ5APKGS/0d2hvT1"},"_srcBlendFactor":769,"playOnLoad":false,"_totalParticles":200,"_emissionRate":99.9999851,"_life":0.20000000298023224,"_lifeVar":0.5,"_startColor":{"__type__":"cc.Color","r":8,"g":8,"b":8,"a":163},"_startColorVar":{"__type__":"cc.Color","r":12,"g":223,"b":71,"a":198},"_endColor":{"__type__":"cc.Color","r":5,"g":5,"b":5,"a":214},"_endColorVar":{"__type__":"cc.Color","r":213,"g":228,"b":228,"a":188},"_angle":360,"_angleVar":360,"_startSize":3.369999885559082,"_startSizeVar":50,"_endSize":30.31999969482422,"_startSpin":-47.369998931884766,"_endSpin":-47.369998931884766,"_endSpinVar":-142.11000061035156,"_posVar":{"__type__":"cc.Vec2","x":7,"y":7},"_emitterMode":1,"_gravity":{"__type__":"cc.Vec2","x":0.25,"y":0.8600000143051147},"_speed":0,"_speedVar":190.7899932861328,"_tangentialAccel":-92.11000061035156,"_tangentialAccelVar":65.79000091552734,"_radialAccel":-671.0499877929688,"_radialAccelVar":65.79000091552734,"_startRadius":100},{"__type__":"cc.Node","_name":"sprite","_parent":{"__id__":7},"_components":[{"__type__":"cc.Sprite","node":{"__id__":10},"_spriteFrame":{"__uuid__":"85lqfz5IVBuoQPn+G8+Lle"},"_sizeMode":0}],"_color":{"__type__":"cc.Color","r":245,"g":250,"b":247},"_anchorPoint":{"__type__":"cc.Vec2","x":0.5},"_contentSize":{"__type__":"cc.Size","width":73,"height":130},"_position":{"__type__":"cc.Vec2","y":-57}},{"__type__":"9bd49uTlnBLrLGadJkec3pf","node":{"__id__":6},"power":600,"initSpeed":150,"readyJumpAudio":{"__uuid__":"47pc1OtQZICoOZeXiW20oB"},"jumpAudio":{"__uuid__":"b1o+CJiiVH64YEWYBCCyl0"}},{"__type__":"40b804EvnJPrIJHFGe/MMZY","node":{"__id__":4},"player":{"__id__":11},"leftOrigin":{"__type__":"cc.Vec2","x":180,"y":350},"rightOrigin":{"__type__":"cc.Vec2","x":580,"y":350},"blockLayer":{"__id__":5},"blockList":[{"__uuid__":"72sLmtkENNVbR5X0VRkTBy"},{"__uuid__":"03AfOqUk9G5qieZfwizhst"},{"__uuid__":"09bOm7AWJCVZY2z/X+ghkw"},{"__uuid__":"d437hot+xFaJgXpeo84fbr"},{"__uuid__":"5bMKYvpzFNoY1AKoE28IAk"},{"__uuid__":"e6QpjwZXRLm4Q0rJ2ND1pq"},{"__uuid__":"7aVMGqqUNHBo/5eNwmx7Zs"},{"__uuid__":"10EMuetPtKQYXi6LjKkLSx"}]},{"__type__":"cc.Node","_name":"snowPar","_parent":{"__id__":2},"_components":[{"__type__":"cc.ParticleSystem","node":{"__id__":13},"_custom":true,"_file":{"__uuid__":"34MItlDgdESZRgIgt4UQ3T"},"_texture":{"__uuid__":"089Ko9VqtAn5UIVFg0Ks3u"},"_totalParticles":44,"_emissionRate":40,"_life":1.1,"_lifeVar":0.4,"_startColor":{"__type__":"cc.Color","r":255,"g":102,"b":204},"_startColorVar":{"__type__":"cc.Color","r":230,"g":230,"b":243,"a":25},"_endColor":{"__type__":"cc.Color","r":250,"g":240,"b":240},"_endColorVar":{"__type__":"cc.Color","r":245,"g":235,"b":235,"a":0},"_angle":-125,"_angleVar":50,"_startSize":15,"_endSize":61,"_startSpin":-448,"_posVar":{"__type__":"cc.Vec2","x":443,"y":495},"_gravity":{"__type__":"cc.Vec2","x":95,"y":-740},"_speed":80,"_speedVar":165,"_tangentialAccel":625,"_radialAccel":336,"_radialAccelVar":228}],"_scaleX":0.57,"_scaleY":0.57,"_position":{"__type__":"cc.Vec2","x":-12,"y":375}},{"__type__":"cc.Node","_name":"scoreLabel","_parent":{"__id__":2},"_components":[{"__id__":15},{"__type__":"cc.Widget","node":{"__id__":14},"_alignFlags":9,"_left":20,"_right":655,"_top":20,"_originalWidth":44.49}],"_color":{"__type__":"cc.Color"},"_anchorPoint":{"__type__":"cc.Vec2","y":0.5},"_contentSize":{"__type__":"cc.Size","width":44.49,"height":80},"_position":{"__type__":"cc.Vec2","x":-340,"y":580}},{"__type__":"cc.Label","node":{"__id__":14},"_useOriginalSize":false,"_actualFontSize":80,"_fontSize":80,"_lineHeight":80,"_N$string":"0","_N$horizontalAlign":1,"_N$verticalAlign":1},{"__type__":"cc.Node","_name":"overPanel","_parent":{"__id__":2},"_children":[{"__id__":17},{"__id__":18},{"__id__":19}],"_active":false,"_components":[{"__id__":21}],"_contentSize":{"__type__":"cc.Size","width":600,"height":600}},{"__type__":"cc.Node","_name":"mask","_parent":{"__id__":16},"_components":[{"__type__":"cc.Sprite","node":{"__id__":17},"_spriteFrame":{"__uuid__":"a2MjXRFdtLlYQ5ouAFv/+R"},"_sizeMode":0},{"__type__":"cc.Widget","node":{"__id__":17},"_target":{"__id__":2},"_alignFlags":45,"_originalWidth":100,"_originalHeight":100}],"_opacity":171.615,"_color":{"__type__":"cc.Color"},"_contentSize":{"__type__":"cc.Size","width":720,"height":1280}},{"__type__":"cc.Node","_name":"restartButton","_parent":{"__id__":16},"_components":[{"__type__":"cc.Sprite","node":{"__id__":18},"_spriteFrame":{"__uuid__":"05Rs+tSFNPcrR782MrR/8c"},"_type":1,"_sizeMode":0},{"__type__":"cc.Button","node":{"__id__":18},"transition":3,"pressedColor":{"__type__":"cc.Color","r":255,"g":255,"b":255},"_N$normalColor":{"__type__":"cc.Color","r":255,"g":255,"b":255},"_N$disabledColor":{"__type__":"cc.Color","r":255,"g":255,"b":255},"_N$normalSprite":{"__uuid__":"05Rs+tSFNPcrR782MrR/8c"},"_N$pressedSprite":{"__uuid__":"e97GVMl6JHh5Ml5qEDdSGa"},"pressedSprite":{"__uuid__":"e97GVMl6JHh5Ml5qEDdSGa"},"_N$hoverSprite":{"__uuid__":"e97GVMl6JHh5Ml5qEDdSGa"},"hoverSprite":{"__uuid__":"e97GVMl6JHh5Ml5qEDdSGa"},"_N$disabledSprite":{"__uuid__":"29FYIk+N1GYaeWH/q1NxQO"},"_N$target":{"__id__":18}}],"_contentSize":{"__type__":"cc.Size","width":200,"height":80},"_position":{"__type__":"cc.Vec2","y":-239}},{"__type__":"cc.Node","_name":"overMessage","_parent":{"__id__":16},"_components":[{"__id__":20}],"_contentSize":{"__type__":"cc.Size","width":611.23,"height":100},"_position":{"__type__":"cc.Vec2","y":194}},{"__type__":"cc.Label","node":{"__id__":19},"_useOriginalSize":false,"_actualFontSize":100,"_fontSize":100,"_lineHeight":100,"_N$string":"你的得分为99","_N$horizontalAlign":1,"_N$verticalAlign":1},{"__type__":"b702fWA3yZGha6sOqGGOWpd","node":{"__id__":16},"messageLabel":{"__id__":20},"restartButton":{"__id__":18}}],{"__type__":"cc.SpriteFrame","content":{"name":"knox","texture":"38F2baov5NiZx8qwr0NgFS","rect":[0,0,45,45],"offset":[0,0],"originalSize":[45,45]}},{"__type__":"cc.SpriteFrame","content":{"name":"panda","texture":"1bPFrhOBdLA48GmAxYakM2","rect":[0,0,45,45],"offset":[0,0],"originalSize":[45,45]}},[{"__type__":"cc.Prefab","_name":"Block5","data":{"__id__":1},"asyncLoadAssets":null},{"__type__":"cc.Node","_name":"Block5","_children":[{"__id__":2},{"__id__":3},{"__id__":5},{"__id__":6},{"__id__":7},{"__id__":8},{"__id__":9},{"__id__":10},{"__id__":11}],"_components":[{"__type__":"007507xQ0hEcbmFDxV+eRZJ","node":{"__id__":1},"maxScale":1,"minScale":1,"minDistance":200,"maxDistance":400,"anchorOffset":100,"score":30,"rightAnchorList":[{"__id__":9},{"__id__":7},{"__id__":8}],"leftAnchorList":[{"__id__":10},{"__id__":7},{"__id__":11}],"centerAnchor":{"__id__":7},"p1":{"__id__":5},"p2":{"__id__":6}},{"__type__":"cc.Animation","node":{"__id__":1},"_clips":[{"__uuid__":"d54/fIOGpHCYhsNmcoOMwP"}]}],"_prefab":{"__type__":"cc.PrefabInfo","root":{"__id__":1},"asset":{"__uuid__":"5bMKYvpzFNoY1AKoE28IAk"},"fileId":"e7VTYQXKpIj7dd0kZtzVOq"},"_position":{"__type__":"cc.Vec2","x":-314,"y":153}},{"__type__":"cc.Node","_name":"score","_parent":{"__id__":1},"_components":[{"__type__":"cc.Label","node":{"__id__":2},"_useOriginalSize":false,"_N$horizontalAlign":1,"_N$verticalAlign":1},{"__type__":"cc.Animation","node":{"__id__":2},"_defaultClip":{"__uuid__":"d54/fIOGpHCYhsNmcoOMwP"},"_clips":[{"__uuid__":"d54/fIOGpHCYhsNmcoOMwP"}]}],"_prefab":{"__type__":"cc.PrefabInfo","root":{"__id__":1},"asset":{"__uuid__":"5bMKYvpzFNoY1AKoE28IAk"},"fileId":"92yuCwrL5PboDh6naCbVBl"},"_color":{"__type__":"cc.Color"},"_contentSize":{"__type__":"cc.Size","width":97.87,"height":40},"_position":{"__type__":"cc.Vec2","y":185}},{"__type__":"cc.Node","_name":"sprite","_parent":{"__id__":1},"_children":[{"__id__":4}],"_components":[{"__type__":"cc.Sprite","node":{"__id__":3},"_spriteFrame":{"__uuid__":"a9JaD824FOB7T3428fTJpl"}}],"_prefab":{"__type__":"cc.PrefabInfo","root":{"__id__":1},"asset":{"__uuid__":"5bMKYvpzFNoY1AKoE28IAk"},"fileId":"54sKDsWiFKI5745jSuemY8"},"_contentSize":{"__type__":"cc.Size","width":358,"height":240},"_position":{"__type__":"cc.Vec2","x":-43.4,"y":119}},{"__type__":"cc.Node","_name":"zhe","_parent":{"__id__":3},"_active":false,"_components":[{"__type__":"cc.Sprite","node":{"__id__":4},"_spriteFrame":{"__uuid__":"94xpfoBB1FfIiSkN2r9pdf"}}],"_prefab":{"__type__":"cc.PrefabInfo","root":{"__id__":1},"asset":{"__uuid__":"5bMKYvpzFNoY1AKoE28IAk"},"fileId":"42SAuawzFH44Q40qG1Kt4W"},"_contentSize":{"__type__":"cc.Size","width":45,"height":45},"_position":{"__type__":"cc.Vec2","x":42.4,"y":43},"_skewX":60,"_skewY":-30},{"__type__":"cc.Node","_name":"p1","_parent":{"__id__":1},"_prefab":{"__type__":"cc.PrefabInfo","root":{"__id__":1},"asset":{"__uuid__":"5bMKYvpzFNoY1AKoE28IAk"},"fileId":"c3xkpTXrxIO4vZA0NFlNa9"},"_position":{"__type__":"cc.Vec2","x":-133.2,"y":74.2}},{"__type__":"cc.Node","_name":"p2","_parent":{"__id__":1},"_prefab":{"__type__":"cc.PrefabInfo","root":{"__id__":1},"asset":{"__uuid__":"5bMKYvpzFNoY1AKoE28IAk"},"fileId":"caTikmZI5Nwahpvsl1aSw1"},"_position":{"__type__":"cc.Vec2","x":135.6,"y":75.4}},{"__type__":"cc.Node","_name":"中","_parent":{"__id__":1},"_prefab":{"__type__":"cc.PrefabInfo","root":{"__id__":1},"asset":{"__uuid__":"5bMKYvpzFNoY1AKoE28IAk"},"fileId":"a6r3oDDtdBmLT3a+QI8qII"},"_position":{"__type__":"cc.Vec2","y":144}},{"__type__":"cc.Node","_name":"上","_parent":{"__id__":1},"_prefab":{"__type__":"cc.PrefabInfo","root":{"__id__":1},"asset":{"__uuid__":"5bMKYvpzFNoY1AKoE28IAk"},"fileId":"4foe3jNXNPmZaelqXTrl1M"},"_position":{"__type__":"cc.Vec2","x":31,"y":160}},{"__type__":"cc.Node","_name":"下","_parent":{"__id__":1},"_prefab":{"__type__":"cc.PrefabInfo","root":{"__id__":1},"asset":{"__uuid__":"5bMKYvpzFNoY1AKoE28IAk"},"fileId":"f9Vvu+HWFFJakilsRyaCir"},"_position":{"__type__":"cc.Vec2","x":-37,"y":120}},{"__type__":"cc.Node","_name":"左","_parent":{"__id__":1},"_prefab":{"__type__":"cc.PrefabInfo","root":{"__id__":1},"asset":{"__uuid__":"5bMKYvpzFNoY1AKoE28IAk"},"fileId":"8aO068UstMLIaRtsY49Zny"},"_position":{"__type__":"cc.Vec2","x":-27,"y":164}},{"__type__":"cc.Node","_name":"右","_parent":{"__id__":1},"_prefab":{"__type__":"cc.PrefabInfo","root":{"__id__":1},"asset":{"__uuid__":"5bMKYvpzFNoY1AKoE28IAk"},"fileId":"19YKTsTP9OBqH4meBFoGnf"},"_position":{"__type__":"cc.Vec2","x":35,"y":118}}],[{"__type__":"cc.Prefab","_name":"Block1","data":{"__id__":1},"asyncLoadAssets":null},{"__type__":"cc.Node","_name":"Block1","_children":[{"__id__":2},{"__id__":3},{"__id__":4},{"__id__":5},{"__id__":6},{"__id__":7},{"__id__":8},{"__id__":9},{"__id__":10}],"_components":[{"__type__":"007507xQ0hEcbmFDxV+eRZJ","node":{"__id__":1},"maxScale":1,"minScale":1,"minDistance":200,"maxDistance":400,"anchorOffset":100,"rightAnchorList":[{"__id__":8},{"__id__":6},{"__id__":7}],"leftAnchorList":[{"__id__":9},{"__id__":6},{"__id__":10}],"centerAnchor":{"__id__":6},"p1":{"__id__":4},"p2":{"__id__":5}},{"__type__":"cc.Animation","node":{"__id__":1},"_clips":[{"__uuid__":"d54/fIOGpHCYhsNmcoOMwP"}]}],"_prefab":{"__type__":"cc.PrefabInfo","root":{"__id__":1},"asset":{"__uuid__":"72sLmtkENNVbR5X0VRkTBy"},"fileId":"d9rymN3+pHIpr9SUtrlJXM"}},{"__type__":"cc.Node","_name":"score","_parent":{"__id__":1},"_components":[{"__type__":"cc.Label","node":{"__id__":2},"_useOriginalSize":false,"_N$horizontalAlign":1,"_N$verticalAlign":1},{"__type__":"cc.Animation","node":{"__id__":2},"_defaultClip":{"__uuid__":"d54/fIOGpHCYhsNmcoOMwP"},"_clips":[{"__uuid__":"d54/fIOGpHCYhsNmcoOMwP"}]}],"_prefab":{"__type__":"cc.PrefabInfo","root":{"__id__":1},"asset":{"__uuid__":"72sLmtkENNVbR5X0VRkTBy"},"fileId":"5aUXlu8yBIVr6/lGeGqE3J"},"_color":{"__type__":"cc.Color"},"_contentSize":{"__type__":"cc.Size","width":97.87,"height":40},"_position":{"__type__":"cc.Vec2","y":185}},{"__type__":"cc.Node","_name":"sprite","_parent":{"__id__":1},"_components":[{"__type__":"cc.Sprite","node":{"__id__":3},"_spriteFrame":{"__uuid__":"a9JaD824FOB7T3428fTJpl"}}],"_prefab":{"__type__":"cc.PrefabInfo","root":{"__id__":1},"asset":{"__uuid__":"72sLmtkENNVbR5X0VRkTBy"},"fileId":"4csUrPMdZGRbGSkWonNVzz"},"_contentSize":{"__type__":"cc.Size","width":358,"height":240},"_position":{"__type__":"cc.Vec2","x":-43.4,"y":119}},{"__type__":"cc.Node","_name":"p1","_parent":{"__id__":1},"_prefab":{"__type__":"cc.PrefabInfo","root":{"__id__":1},"asset":{"__uuid__":"72sLmtkENNVbR5X0VRkTBy"},"fileId":"aeYQqZkT9Cg5yXBwNqnIVw"},"_position":{"__type__":"cc.Vec2","x":-133.2,"y":74.2}},{"__type__":"cc.Node","_name":"p2","_parent":{"__id__":1},"_prefab":{"__type__":"cc.PrefabInfo","root":{"__id__":1},"asset":{"__uuid__":"72sLmtkENNVbR5X0VRkTBy"},"fileId":"2dO4/ivmtII5nHrbY84Elc"},"_position":{"__type__":"cc.Vec2","x":135.6,"y":75.4}},{"__type__":"cc.Node","_name":"中","_parent":{"__id__":1},"_prefab":{"__type__":"cc.PrefabInfo","root":{"__id__":1},"asset":{"__uuid__":"72sLmtkENNVbR5X0VRkTBy"},"fileId":"bayqXQrwpKgLTmbZCgD+7Q"},"_position":{"__type__":"cc.Vec2","y":144}},{"__type__":"cc.Node","_name":"上","_parent":{"__id__":1},"_prefab":{"__type__":"cc.PrefabInfo","root":{"__id__":1},"asset":{"__uuid__":"72sLmtkENNVbR5X0VRkTBy"},"fileId":"34Tv94diFOmIhw2GRTvILA"},"_position":{"__type__":"cc.Vec2","x":31,"y":160}},{"__type__":"cc.Node","_name":"下","_parent":{"__id__":1},"_prefab":{"__type__":"cc.PrefabInfo","root":{"__id__":1},"asset":{"__uuid__":"72sLmtkENNVbR5X0VRkTBy"},"fileId":"362Pw2xIRPUL7ib1eChzLn"},"_position":{"__type__":"cc.Vec2","x":-37,"y":120}},{"__type__":"cc.Node","_name":"左","_parent":{"__id__":1},"_prefab":{"__type__":"cc.PrefabInfo","root":{"__id__":1},"asset":{"__uuid__":"72sLmtkENNVbR5X0VRkTBy"},"fileId":"b9GI4DPUZPyJNiGkfeJrPW"},"_position":{"__type__":"cc.Vec2","x":-27,"y":164}},{"__type__":"cc.Node","_name":"右","_parent":{"__id__":1},"_prefab":{"__type__":"cc.PrefabInfo","root":{"__id__":1},"asset":{"__uuid__":"72sLmtkENNVbR5X0VRkTBy"},"fileId":"cbuRjl9H5NapoTljnOPber"},"_position":{"__type__":"cc.Vec2","x":35,"y":118}}],[{"__type__":"cc.Prefab","_name":"Block7","data":{"__id__":1},"asyncLoadAssets":null},{"__type__":"cc.Node","_name":"Block7","_children":[{"__id__":2},{"__id__":3},{"__id__":5},{"__id__":6},{"__id__":7},{"__id__":8},{"__id__":9},{"__id__":10},{"__id__":11}],"_components":[{"__type__":"007507xQ0hEcbmFDxV+eRZJ","node":{"__id__":1},"maxScale":1,"minScale":1,"minDistance":200,"maxDistance":400,"anchorOffset":100,"score":10,"rightAnchorList":[{"__id__":9},{"__id__":7},{"__id__":8}],"leftAnchorList":[{"__id__":10},{"__id__":7},{"__id__":11}],"centerAnchor":{"__id__":7},"p1":{"__id__":5},"p2":{"__id__":6}},{"__type__":"cc.Animation","node":{"__id__":1},"_clips":[{"__uuid__":"d54/fIOGpHCYhsNmcoOMwP"}]}],"_prefab":{"__type__":"cc.PrefabInfo","root":{"__id__":1},"asset":{"__uuid__":"7aVMGqqUNHBo/5eNwmx7Zs"},"fileId":"e3xojqcgxAY6eblNlyjLwr"},"_position":{"__type__":"cc.Vec2","x":-90,"y":273}},{"__type__":"cc.Node","_name":"score","_parent":{"__id__":1},"_components":[{"__type__":"cc.Label","node":{"__id__":2},"_useOriginalSize":false,"_N$horizontalAlign":1,"_N$verticalAlign":1},{"__type__":"cc.Animation","node":{"__id__":2},"_defaultClip":{"__uuid__":"d54/fIOGpHCYhsNmcoOMwP"},"_clips":[{"__uuid__":"d54/fIOGpHCYhsNmcoOMwP"}]}],"_prefab":{"__type__":"cc.PrefabInfo","root":{"__id__":1},"asset":{"__uuid__":"7aVMGqqUNHBo/5eNwmx7Zs"},"fileId":"1fOz9uMfRGlrtqBdqPmzfN"},"_color":{"__type__":"cc.Color"},"_contentSize":{"__type__":"cc.Size","width":97.87,"height":40},"_position":{"__type__":"cc.Vec2","y":185}},{"__type__":"cc.Node","_name":"sprite","_parent":{"__id__":1},"_children":[{"__id__":4}],"_components":[{"__type__":"cc.Sprite","node":{"__id__":3},"_spriteFrame":{"__uuid__":"a9JaD824FOB7T3428fTJpl"}}],"_prefab":{"__type__":"cc.PrefabInfo","root":{"__id__":1},"asset":{"__uuid__":"7aVMGqqUNHBo/5eNwmx7Zs"},"fileId":"2blz1AiadDDLCZIYtBYtob"},"_contentSize":{"__type__":"cc.Size","width":358,"height":240},"_position":{"__type__":"cc.Vec2","x":-43.4,"y":119}},{"__type__":"cc.Node","_name":"zhe","_parent":{"__id__":3},"_active":false,"_components":[{"__type__":"cc.Sprite","node":{"__id__":4},"_spriteFrame":{"__uuid__":"51P5r5Ho5P6aMsmZg3b08Q"}}],"_prefab":{"__type__":"cc.PrefabInfo","root":{"__id__":1},"asset":{"__uuid__":"7aVMGqqUNHBo/5eNwmx7Zs"},"fileId":"0fHd6VAEZIuqVc9SksN5VX"},"_contentSize":{"__type__":"cc.Size","width":45,"height":45},"_position":{"__type__":"cc.Vec2","x":42.4,"y":43},"_skewX":60,"_skewY":-30},{"__type__":"cc.Node","_name":"p1","_parent":{"__id__":1},"_prefab":{"__type__":"cc.PrefabInfo","root":{"__id__":1},"asset":{"__uuid__":"7aVMGqqUNHBo/5eNwmx7Zs"},"fileId":"71Xb9XiItBHK3qdSceLvf9"},"_position":{"__type__":"cc.Vec2","x":-133.2,"y":74.2}},{"__type__":"cc.Node","_name":"p2","_parent":{"__id__":1},"_prefab":{"__type__":"cc.PrefabInfo","root":{"__id__":1},"asset":{"__uuid__":"7aVMGqqUNHBo/5eNwmx7Zs"},"fileId":"bfZIKMO8BNUqFjdJ6xhLD3"},"_position":{"__type__":"cc.Vec2","x":135.6,"y":75.4}},{"__type__":"cc.Node","_name":"中","_parent":{"__id__":1},"_prefab":{"__type__":"cc.PrefabInfo","root":{"__id__":1},"asset":{"__uuid__":"7aVMGqqUNHBo/5eNwmx7Zs"},"fileId":"44cb0aBDpGd4zqzzFfNDPv"},"_position":{"__type__":"cc.Vec2","y":144}},{"__type__":"cc.Node","_name":"上","_parent":{"__id__":1},"_prefab":{"__type__":"cc.PrefabInfo","root":{"__id__":1},"asset":{"__uuid__":"7aVMGqqUNHBo/5eNwmx7Zs"},"fileId":"28ePcwQSdHRpsV1AGG/mEo"},"_position":{"__type__":"cc.Vec2","x":31,"y":160}},{"__type__":"cc.Node","_name":"下","_parent":{"__id__":1},"_prefab":{"__type__":"cc.PrefabInfo","root":{"__id__":1},"asset":{"__uuid__":"7aVMGqqUNHBo/5eNwmx7Zs"},"fileId":"60dw1a0NlDX7sAvtmwvVIn"},"_position":{"__type__":"cc.Vec2","x":-37,"y":120}},{"__type__":"cc.Node","_name":"左","_parent":{"__id__":1},"_prefab":{"__type__":"cc.PrefabInfo","root":{"__id__":1},"asset":{"__uuid__":"7aVMGqqUNHBo/5eNwmx7Zs"},"fileId":"cazVhmzSdLmpTcOGwRJL2B"},"_position":{"__type__":"cc.Vec2","x":-27,"y":164}},{"__type__":"cc.Node","_name":"右","_parent":{"__id__":1},"_prefab":{"__type__":"cc.PrefabInfo","root":{"__id__":1},"asset":{"__uuid__":"7aVMGqqUNHBo/5eNwmx7Zs"},"fileId":"b8a/STPKFKaL94CEDjPude"},"_position":{"__type__":"cc.Vec2","x":35,"y":118}}],{"__type__":"cc.SpriteFrame","content":{"name":"bg","texture":"4b2aHgBplAToFG1IFGo83t","rect":[0,0,640,1136],"offset":[0,0],"originalSize":[640,1136]}},{"__type__":"cc.SpriteFrame","content":{"name":"piece","texture":"96kozNy45GY7PFNqzf6fA2","rect":[2,0,73,130],"offset":[-1.5,0],"originalSize":[80,130]}},{"__type__":"cc.SpriteFrame","content":{"name":"zhe","texture":"48DFrn5wdIz6fVA+//wDBD","rect":[0,0,45,45],"offset":[0,0],"originalSize":[45,45]}},{"__type__":"cc.SpriteFrame","content":{"name":"default_sprite_splash","texture":"02delMVqdBD70a/HSD99FK","rect":[0,0,2,2],"offset":[0,0],"originalSize":[2,2]}},{"__type__":"cc.SpriteFrame","content":{"name":"block1","texture":"459szqm1JJuraVyhvWF8kv","rect":[0,0,358,240],"offset":[0,0],"originalSize":[358,240]}},{"__type__":"cc.SpriteFrame","content":{"name":"block3","texture":"73sJbErt1L47OrpL6Zt3Go","rect":[0,0,358,240],"offset":[0,0],"originalSize":[358,240]}},[{"__type__":"cc.Prefab","_name":"Block4","data":{"__id__":1},"asyncLoadAssets":null},{"__type__":"cc.Node","_name":"Block4","_children":[{"__id__":2},{"__id__":3},{"__id__":5},{"__id__":6},{"__id__":7},{"__id__":8},{"__id__":9},{"__id__":10},{"__id__":11}],"_components":[{"__type__":"007507xQ0hEcbmFDxV+eRZJ","node":{"__id__":1},"maxScale":1,"minScale":1,"minDistance":200,"maxDistance":400,"anchorOffset":100,"score":10,"rightAnchorList":[{"__id__":9},{"__id__":7},{"__id__":8}],"leftAnchorList":[{"__id__":10},{"__id__":7},{"__id__":11}],"centerAnchor":{"__id__":7},"p1":{"__id__":5},"p2":{"__id__":6}},{"__type__":"cc.Animation","node":{"__id__":1},"_clips":[{"__uuid__":"d54/fIOGpHCYhsNmcoOMwP"}]}],"_prefab":{"__type__":"cc.PrefabInfo","root":{"__id__":1},"asset":{"__uuid__":"d437hot+xFaJgXpeo84fbr"},"fileId":"74c1qomtRAYri2h/wU66a6"},"_position":{"__type__":"cc.Vec2","x":335,"y":53}},{"__type__":"cc.Node","_name":"score","_parent":{"__id__":1},"_components":[{"__type__":"cc.Label","node":{"__id__":2},"_useOriginalSize":false,"_N$horizontalAlign":1,"_N$verticalAlign":1},{"__type__":"cc.Animation","node":{"__id__":2},"_defaultClip":{"__uuid__":"d54/fIOGpHCYhsNmcoOMwP"},"_clips":[{"__uuid__":"d54/fIOGpHCYhsNmcoOMwP"}]}],"_prefab":{"__type__":"cc.PrefabInfo","root":{"__id__":1},"asset":{"__uuid__":"d437hot+xFaJgXpeo84fbr"},"fileId":"4cNXV10VZHapojERpAUFtz"},"_color":{"__type__":"cc.Color"},"_contentSize":{"__type__":"cc.Size","width":97.87,"height":40},"_position":{"__type__":"cc.Vec2","y":185}},{"__type__":"cc.Node","_name":"sprite","_parent":{"__id__":1},"_children":[{"__id__":4}],"_components":[{"__type__":"cc.Sprite","node":{"__id__":3},"_spriteFrame":{"__uuid__":"01qOXY/z1IX5aQSx/no4k9"}}],"_prefab":{"__type__":"cc.PrefabInfo","root":{"__id__":1},"asset":{"__uuid__":"d437hot+xFaJgXpeo84fbr"},"fileId":"37p3TTRpJM6IN+qUEgsPBY"},"_contentSize":{"__type__":"cc.Size","width":358,"height":240},"_position":{"__type__":"cc.Vec2","x":-43.4,"y":119}},{"__type__":"cc.Node","_name":"zhe","_parent":{"__id__":3},"_active":false,"_components":[{"__type__":"cc.Sprite","node":{"__id__":4},"_spriteFrame":{"__uuid__":"02JzqT2NBEGbATI7kC03Kq"}}],"_prefab":{"__type__":"cc.PrefabInfo","root":{"__id__":1},"asset":{"__uuid__":"d437hot+xFaJgXpeo84fbr"},"fileId":"c5cu836VVOc4U/N3nomDwU"},"_contentSize":{"__type__":"cc.Size","width":45,"height":45},"_position":{"__type__":"cc.Vec2","x":42.4,"y":43},"_skewX":60,"_skewY":-30},{"__type__":"cc.Node","_name":"p1","_parent":{"__id__":1},"_prefab":{"__type__":"cc.PrefabInfo","root":{"__id__":1},"asset":{"__uuid__":"d437hot+xFaJgXpeo84fbr"},"fileId":"caDgnZVwhLm7yvE5L6EeDe"},"_position":{"__type__":"cc.Vec2","x":-133.2,"y":74.2}},{"__type__":"cc.Node","_name":"p2","_parent":{"__id__":1},"_prefab":{"__type__":"cc.PrefabInfo","root":{"__id__":1},"asset":{"__uuid__":"d437hot+xFaJgXpeo84fbr"},"fileId":"adg02EIJRHD6qTlgxL3ixD"},"_position":{"__type__":"cc.Vec2","x":135.6,"y":75.4}},{"__type__":"cc.Node","_name":"中","_parent":{"__id__":1},"_prefab":{"__type__":"cc.PrefabInfo","root":{"__id__":1},"asset":{"__uuid__":"d437hot+xFaJgXpeo84fbr"},"fileId":"f2fK7k8lFBh49N5HsmW/wu"},"_position":{"__type__":"cc.Vec2","y":144}},{"__type__":"cc.Node","_name":"上","_parent":{"__id__":1},"_prefab":{"__type__":"cc.PrefabInfo","root":{"__id__":1},"asset":{"__uuid__":"d437hot+xFaJgXpeo84fbr"},"fileId":"e4ChGs4llC54ypOtP4/MRm"},"_position":{"__type__":"cc.Vec2","x":31,"y":160}},{"__type__":"cc.Node","_name":"下","_parent":{"__id__":1},"_prefab":{"__type__":"cc.PrefabInfo","root":{"__id__":1},"asset":{"__uuid__":"d437hot+xFaJgXpeo84fbr"},"fileId":"979JcvTCVLeaweyYHVdKs0"},"_position":{"__type__":"cc.Vec2","x":-37,"y":120}},{"__type__":"cc.Node","_name":"左","_parent":{"__id__":1},"_prefab":{"__type__":"cc.PrefabInfo","root":{"__id__":1},"asset":{"__uuid__":"d437hot+xFaJgXpeo84fbr"},"fileId":"681m4WXElH65bTgLb1lzLk"},"_position":{"__type__":"cc.Vec2","x":-27,"y":164}},{"__type__":"cc.Node","_name":"右","_parent":{"__id__":1},"_prefab":{"__type__":"cc.PrefabInfo","root":{"__id__":1},"asset":{"__uuid__":"d437hot+xFaJgXpeo84fbr"},"fileId":"6cms+eBapOy5HDmGawIcHj"},"_position":{"__type__":"cc.Vec2","x":35,"y":118}}],{"__type__":"cc.AnimationClip","_name":"addscore","_duration":0.5,"speed":0.6,"curveData":{"props":{"y":[{"frame":0,"value":185},{"frame":0.3333333333333333,"value":388}],"opacity":[{"frame":0.3333333333333333,"value":255},{"frame":0.5,"value":0}]}}},[{"__type__":"cc.Prefab","_name":"Block6","data":{"__id__":1},"asyncLoadAssets":null},{"__type__":"cc.Node","_name":"Block6","_children":[{"__id__":2},{"__id__":3},{"__id__":5},{"__id__":6},{"__id__":7},{"__id__":8},{"__id__":9},{"__id__":10},{"__id__":11}],"_components":[{"__type__":"007507xQ0hEcbmFDxV+eRZJ","node":{"__id__":1},"maxScale":1,"minScale":1,"minDistance":200,"maxDistance":400,"anchorOffset":100,"score":10,"rightAnchorList":[{"__id__":9},{"__id__":7},{"__id__":8}],"leftAnchorList":[{"__id__":10},{"__id__":7},{"__id__":11}],"centerAnchor":{"__id__":7},"p1":{"__id__":5},"p2":{"__id__":6}},{"__type__":"cc.Animation","node":{"__id__":1},"_clips":[{"__uuid__":"d54/fIOGpHCYhsNmcoOMwP"}]}],"_prefab":{"__type__":"cc.PrefabInfo","root":{"__id__":1},"asset":{"__uuid__":"e6QpjwZXRLm4Q0rJ2ND1pq"},"fileId":"1dY2Z8ITNGLYWhLPFUo6e7"}},{"__type__":"cc.Node","_name":"score","_parent":{"__id__":1},"_components":[{"__type__":"cc.Label","node":{"__id__":2},"_useOriginalSize":false,"_N$horizontalAlign":1,"_N$verticalAlign":1},{"__type__":"cc.Animation","node":{"__id__":2},"_defaultClip":{"__uuid__":"d54/fIOGpHCYhsNmcoOMwP"},"_clips":[{"__uuid__":"d54/fIOGpHCYhsNmcoOMwP"}]}],"_prefab":{"__type__":"cc.PrefabInfo","root":{"__id__":1},"asset":{"__uuid__":"e6QpjwZXRLm4Q0rJ2ND1pq"},"fileId":"0eZB8TQkBFHLIvo5Rjdo78"},"_color":{"__type__":"cc.Color"},"_contentSize":{"__type__":"cc.Size","width":97.87,"height":40},"_position":{"__type__":"cc.Vec2","y":185}},{"__type__":"cc.Node","_name":"sprite","_parent":{"__id__":1},"_children":[{"__id__":4}],"_components":[{"__type__":"cc.Sprite","node":{"__id__":3},"_spriteFrame":{"__uuid__":"bbaMJGeStK2LQNW9PhTCrX"}}],"_prefab":{"__type__":"cc.PrefabInfo","root":{"__id__":1},"asset":{"__uuid__":"e6QpjwZXRLm4Q0rJ2ND1pq"},"fileId":"b9dQ/yNONDPLgqoCHN+k4F"},"_contentSize":{"__type__":"cc.Size","width":358,"height":240},"_position":{"__type__":"cc.Vec2","x":-43.4,"y":119}},{"__type__":"cc.Node","_name":"zhe","_parent":{"__id__":3},"_active":false,"_components":[{"__type__":"cc.Sprite","node":{"__id__":4},"_spriteFrame":{"__uuid__":"2cqZGCwMNEL4ZiRbJUoK6K"}}],"_prefab":{"__type__":"cc.PrefabInfo","root":{"__id__":1},"asset":{"__uuid__":"e6QpjwZXRLm4Q0rJ2ND1pq"},"fileId":"a34msOj7VF2qZCwsVNLIx6"},"_contentSize":{"__type__":"cc.Size","width":45,"height":45},"_position":{"__type__":"cc.Vec2","x":42.4,"y":43},"_skewX":60,"_skewY":-30},{"__type__":"cc.Node","_name":"p1","_parent":{"__id__":1},"_prefab":{"__type__":"cc.PrefabInfo","root":{"__id__":1},"asset":{"__uuid__":"e6QpjwZXRLm4Q0rJ2ND1pq"},"fileId":"52M+Ua7i9Of6j6z0jOEiZ9"},"_position":{"__type__":"cc.Vec2","x":-133.2,"y":74.2}},{"__type__":"cc.Node","_name":"p2","_parent":{"__id__":1},"_prefab":{"__type__":"cc.PrefabInfo","root":{"__id__":1},"asset":{"__uuid__":"e6QpjwZXRLm4Q0rJ2ND1pq"},"fileId":"aaPBoIEilIqq/K5Em1V2XL"},"_position":{"__type__":"cc.Vec2","x":135.6,"y":75.4}},{"__type__":"cc.Node","_name":"中","_parent":{"__id__":1},"_prefab":{"__type__":"cc.PrefabInfo","root":{"__id__":1},"asset":{"__uuid__":"e6QpjwZXRLm4Q0rJ2ND1pq"},"fileId":"c63dglW7RHrILl8pJPsgR3"},"_position":{"__type__":"cc.Vec2","y":144}},{"__type__":"cc.Node","_name":"上","_parent":{"__id__":1},"_prefab":{"__type__":"cc.PrefabInfo","root":{"__id__":1},"asset":{"__uuid__":"e6QpjwZXRLm4Q0rJ2ND1pq"},"fileId":"ceTt5F/mJI6KGHfI0YZx91"},"_position":{"__type__":"cc.Vec2","x":31,"y":160}},{"__type__":"cc.Node","_name":"下","_parent":{"__id__":1},"_prefab":{"__type__":"cc.PrefabInfo","root":{"__id__":1},"asset":{"__uuid__":"e6QpjwZXRLm4Q0rJ2ND1pq"},"fileId":"208FgneN1MQrn50J3Lz51V"},"_position":{"__type__":"cc.Vec2","x":-37,"y":120}},{"__type__":"cc.Node","_name":"左","_parent":{"__id__":1},"_prefab":{"__type__":"cc.PrefabInfo","root":{"__id__":1},"asset":{"__uuid__":"e6QpjwZXRLm4Q0rJ2ND1pq"},"fileId":"8dJ75cApNEDYWbrbP2Ohsi"},"_position":{"__type__":"cc.Vec2","x":-27,"y":164}},{"__type__":"cc.Node","_name":"右","_parent":{"__id__":1},"_prefab":{"__type__":"cc.PrefabInfo","root":{"__id__":1},"asset":{"__uuid__":"e6QpjwZXRLm4Q0rJ2ND1pq"},"fileId":"bbNMbQIWBFFZA7Uczpvsob"},"_position":{"__type__":"cc.Vec2","x":35,"y":118}}],{"__type__":"cc.SpriteFrame","content":{"name":"default_btn_pressed","texture":"b4P/PCArtIdIH38t6mlw8Y","rect":[0,0,40,40],"offset":[0,0],"originalSize":[40,40],"capInsets":[11,11,11,7]}}]